{
  "1/255": {
    "eps_value": 0.00392156862745098,
    "disappearance_rate": 0.5252069224981188,
    "clean_mAP50": 0.7906331997976487,
    "adv_mAP50": 0.3509797268834602,
    "clean_det_count": 1329,
    "adv_det_count": 641,
    "relabeled_count": 17,
    "gone_count": 698,
    "persisted_count": 614,
    "mean_conf_drop": 0.5083181544118038,
    "psnr_mean": 50.48697036071634,
    "ssim_mean": 0.9943836661824456,
    "lpips_mean": 0.013243561085634837,
    "perceptual_count": 487
  },
  "2/255": {
    "eps_value": 0.00784313725490196,
    "disappearance_rate": 0.9029345372460497,
    "clean_mAP50": 0.7906331997976487,
    "adv_mAP50": 0.07101821293240435,
    "clean_det_count": 1329,
    "adv_det_count": 131,
    "relabeled_count": 3,
    "gone_count": 1200,
    "persisted_count": 126,
    "mean_conf_drop": 0.8336104265812916,
    "psnr_mean": 45.03552112164934,
    "ssim_mean": 0.9806359658740629,
    "lpips_mean": 0.046284029998451284,
    "perceptual_count": 487
  },
  "4/255": {
    "eps_value": 0.01568627450980392,
    "disappearance_rate": 0.9954853273137697,
    "clean_mAP50": 0.7906331997976487,
    "adv_mAP50": 0.0019801980198019802,
    "clean_det_count": 1329,
    "adv_det_count": 6,
    "relabeled_count": 1,
    "gone_count": 1323,
    "persisted_count": 5,
    "mean_conf_drop": 0.908294000465947,
    "psnr_mean": 39.467868918306756,
    "ssim_mean": 0.9337729538735423,
    "lpips_mean": 0.14266574633684492,
    "perceptual_count": 487
  },
  "6/255": {
    "eps_value": 0.023529411764705882,
    "disappearance_rate": 0.999247554552295,
    "clean_mAP50": 0.7906331997976487,
    "adv_mAP50": 0.0013201320132013197,
    "clean_det_count": 1329,
    "adv_det_count": 1,
    "relabeled_count": 0,
    "gone_count": 1328,
    "persisted_count": 1,
    "mean_conf_drop": 0.911220101282236,
    "psnr_mean": 36.090754137309006,
    "ssim_mean": 0.8691163267443067,
    "lpips_mean": 0.2413430812575489,
    "perceptual_count": 487
  },
  "8/255": {
    "eps_value": 0.03137254901960784,
    "disappearance_rate": 1.0,
    "clean_mAP50": 0.7906331997976487,
    "adv_mAP50": 0.0,
    "clean_det_count": 1329,
    "adv_det_count": 0,
    "relabeled_count": 0,
    "gone_count": 1329,
    "persisted_count": 0,
    "mean_conf_drop": 0.9118777498255285,
    "psnr_mean": 33.6548453001592,
    "ssim_mean": 0.7970739779286315,
    "lpips_mean": 0.3274663264501756,
    "perceptual_count": 487
  },
  "12/255": {
    "eps_value": 0.047058823529411764,
    "disappearance_rate": 0.999247554552295,
    "clean_mAP50": 0.7906331997976487,
    "adv_mAP50": 0.00022002200220021996,
    "clean_det_count": 1329,
    "adv_det_count": 6,
    "relabeled_count": 0,
    "gone_count": 1328,
    "persisted_count": 1,
    "mean_conf_drop": 0.9113865882225554,
    "psnr_mean": 30.203598562022385,
    "ssim_mean": 0.6591528627172388,
    "lpips_mean": 0.4589231390605472,
    "perceptual_count": 487
  },
  "16/255": {
    "eps_value": 0.06274509803921569,
    "disappearance_rate": 1.0,
    "clean_mAP50": 0.7906331997976487,
    "adv_mAP50": 0.0,
    "clean_det_count": 1329,
    "adv_det_count": 19,
    "relabeled_count": 0,
    "gone_count": 1329,
    "persisted_count": 0,
    "mean_conf_drop": 0.9118777498255285,
    "psnr_mean": 27.75504120127098,
    "ssim_mean": 0.5465677435026032,
    "lpips_mean": 0.5532685953366439,
    "perceptual_count": 487
  }
}