{
  "1/255": {
    "eps_value": 0.00392156862745098,
    "disappearance_rate": 0.8412112259970458,
    "clean_mAP50": 0.9145571782784201,
    "adv_mAP50": 0.134681841199993,
    "clean_det_count": 1354,
    "adv_det_count": 222,
    "relabeled_count": 19,
    "gone_count": 1139,
    "persisted_count": 196,
    "mean_conf_drop": 0.7368616577969697,
    "psnr_mean": 50.70761991180183,
    "ssim_mean": 0.9951520521478002,
    "lpips_mean": 0.010125319407523486,
    "perceptual_count": 498
  },
  "2/255": {
    "eps_value": 0.00784313725490196,
    "disappearance_rate": 0.9645494830132939,
    "clean_mAP50": 0.9145571782784201,
    "adv_mAP50": 0.021026769343601023,
    "clean_det_count": 1354,
    "adv_det_count": 50,
    "relabeled_count": 11,
    "gone_count": 1306,
    "persisted_count": 37,
    "mean_conf_drop": 0.8160539357709744,
    "psnr_mean": 45.31666201444814,
    "ssim_mean": 0.9829943104680762,
    "lpips_mean": 0.046950754920866,
    "perceptual_count": 498
  },
  "4/255": {
    "eps_value": 0.01568627450980392,
    "disappearance_rate": 0.9940915805022157,
    "clean_mAP50": 0.9145571782784201,
    "adv_mAP50": 0.0025302530253025297,
    "clean_det_count": 1354,
    "adv_det_count": 12,
    "relabeled_count": 4,
    "gone_count": 1346,
    "persisted_count": 4,
    "mean_conf_drop": 0.8333844716386922,
    "psnr_mean": 39.67926407601025,
    "ssim_mean": 0.938865785617905,
    "lpips_mean": 0.16016580133762465,
    "perceptual_count": 498
  },
  "6/255": {
    "eps_value": 0.023529411764705882,
    "disappearance_rate": 0.9963072378138847,
    "clean_mAP50": 0.9145571782784201,
    "adv_mAP50": 0.0008800880088008798,
    "clean_det_count": 1354,
    "adv_det_count": 14,
    "relabeled_count": 2,
    "gone_count": 1349,
    "persisted_count": 3,
    "mean_conf_drop": 0.8350227482429812,
    "psnr_mean": 36.28468741767853,
    "ssim_mean": 0.87608225661588,
    "lpips_mean": 0.2635385711568905,
    "perceptual_count": 498
  },
  "8/255": {
    "eps_value": 0.03137254901960784,
    "disappearance_rate": 1.0,
    "clean_mAP50": 0.9145571782784201,
    "adv_mAP50": 0.0,
    "clean_det_count": 1354,
    "adv_det_count": 22,
    "relabeled_count": 0,
    "gone_count": 1354,
    "persisted_count": 0,
    "mean_conf_drop": 0.8372003455677977,
    "psnr_mean": 33.83703835194701,
    "ssim_mean": 0.8047925980694323,
    "lpips_mean": 0.3442385835520714,
    "perceptual_count": 498
  },
  "12/255": {
    "eps_value": 0.047058823529411764,
    "disappearance_rate": 1.0,
    "clean_mAP50": 0.9145571782784201,
    "adv_mAP50": 0.0,
    "clean_det_count": 1354,
    "adv_det_count": 51,
    "relabeled_count": 0,
    "gone_count": 1354,
    "persisted_count": 0,
    "mean_conf_drop": 0.8372003455677977,
    "psnr_mean": 30.34881842293009,
    "ssim_mean": 0.665709387705508,
    "lpips_mean": 0.46613782865694725,
    "perceptual_count": 498
  },
  "16/255": {
    "eps_value": 0.06274509803921569,
    "disappearance_rate": 1.0,
    "clean_mAP50": 0.9145571782784201,
    "adv_mAP50": 0.0,
    "clean_det_count": 1354,
    "adv_det_count": 94,
    "relabeled_count": 0,
    "gone_count": 1354,
    "persisted_count": 0,
    "mean_conf_drop": 0.8372003455677977,
    "psnr_mean": 27.86139880572225,
    "ssim_mean": 0.5508489461548357,
    "lpips_mean": 0.5587869823338038,
    "perceptual_count": 498
  }
}